place,lat,lng
"Aalborg, DK",57.0462626,9.9215263
"Aarhus, DK",56.1496278,10.2134046
"Abidjan, CI",5.320357,-4.016107
"Abu Dhabi, AE",24.4538352,54.3774014
"Abuja, NG",9.0643305,7.4892974
"Acapulco, MX",16.8680495,-99.8940182
"Accra, GH",5.5571096,-0.2012376
"Addis Ababa, ET",9.0358287,38.7524127
"Adelaide, AU",-34.9281805,138.5999312
"Aguadilla, PR",18.449655149999998,-67.11847643508234
"Aguascalientes, MX",21.880487,-102.2967195
"Ahmedabad, IN",23.0215374,72.5800568
"Ajaccio, FR",41.9263991,8.7376029
"Akron/Canton, OHIO, US",40.9152061,-81.43992419328089
"Al, NO",33.63657093484425,-86.45403042537262
"Albany, NEW YORK, US",42.6511674,-73.754968
"Albuquerque, NEW MEXICO, US",35.0841034,-106.650985
"Alghero, IT",40.5587291,8.3153206
"Algiers, DZ",36.7729333,3.0588445
"Alicante, ES",38.3436365,-0.4881708
"Alice Springs, AU",-23.6983884,133.8812885
"Allahabad, IN",25.4381302,81.8338005
"Allentown/Bethlehem/Easton, PENNSYLVANIA, US",40.651113699999996,-75.44223357287248
"Almaty, KZ",43.2363924,76.9457275
"Amarillo, TEXAS, US",35.20729,-101.8371192
"Amman, JO",31.9515694,35.9239625
"Amritsar, IN",31.6356659,74.8787496
"Amsterdam, NL",52.3730796,4.8924534
"Anchorage, ALASKA, US",61.2163129,-149.894852
"Anguilla, AI",18.1954947,-63.0750234
"Ankara, TR",39.9207759,32.8540497
"Antalya, TR",36.8865728,30.7030242
"Antananarivo, MG",-18.9100122,47.5255809
"Antigua, AG",17.10371515,-61.790450458055844
"Appleton, WISCONSIN, US",44.2613967,-88.4069744
"Arequipa, PE",-16.3988667,-71.5369607
"Armenia, CO",4.536307,-75.6723751
"Aruba, AW",12.51756625,-69.98186415210564
"Asheville/Hendersonville, NORTH CAROLINA, US",35.32432550194675,-82.46415971168544
"Ashgabat, TM",37.9404648,58.3823487
"Aspen, COLORADO, US",39.1911128,-106.82356
"Astana, KZ",51.1282205,71.4306682
"Asuncion, PY",-25.2800459,-57.6343814
"Athens, GR",37.9755648,23.7348324
"Atlanta, GEORGIA, US",33.7489924,-84.3902644
"Atlantic City, NEW JERSEY, US",39.3642852,-74.4229351
"Auckland, NZ",-36.852095,174.7631803
"Augusta, GEORGIA, US",33.4709714,-81.9748429
"Austin, TEXAS, US",30.2711286,-97.7436995
"Ayacucho, PE",-14.0,-74.0
"Bahrain, BH",26.1551249,50.5344606
"Baicheng, CN",45.4086001,123.1327161
"Bakersfield, CALIFORNIA, US",35.3738712,-119.019463
"Baku, AZ",40.3755885,49.8328009
"Baltimore, MARYLAND, US",39.2908816,-76.610759
"Baltra Island, EC",-0.458135,-90.2747364
"Bamako, ML",12.61326555,-7.984739136241295
"Bangkok, TH",13.7524938,100.4935089
"Bangor, MAINE, US",44.8016255,-68.7713289
"Banjul, GM",13.4410165,-16.56275092072591
"Bar Harbor, MAINE, US",44.3876378,-68.2043361
"Barbados, BB",13.1500331,-59.5250305
"Barcelona, ES",41.3828939,2.1774322
"Bari, IT",41.1257843,16.8620293
"Barranquilla, CO",11.0101922,-74.8231794084391
"Basel/Mulhouse, CH",,
"Bastia, FR",42.6993979,9.4509187
"Bathinda, IN",30.17948135,75.04710979185342
"Batman, TR",37.7874104,41.2573924
"Baton Rouge, LOUISIANA, US",30.4494155,-91.1869659
"Beijing, CN",40.190632,116.412144
"Beira, MZ",-19.828707,34.841782
"Beirut, LB",33.88922645,35.50255852895232
"Belem, BR",-1.45056,-48.4682453
"Belfast, GB",54.596391,-5.9301829
"Belgaum, IN",15.8572666,74.5069343
"Belgrade, RS",44.8178131,20.4568974
"Belize City, BZ",17.5002768,-88.1988737
"Bellingham, WASHINGTON, US",48.7544012,-122.478836
"Belo Horizonte, BR",-19.9227318,-43.9450948
"Bemidji, MINNESOTA, US",47.4785418,-94.8907869
"Bengaluru, IN",12.98815675,77.62260003796
"Bergen, NO",60.3943055,5.3259192
"Berlin, DE",52.510885,13.3989367
"Bermuda, BM",32.3040273,-64.7563086
"Bhopal, IN",23.2584857,77.401989
"Bhubaneshwar, IN",20.2602964,85.8394521
"Bilbao, ES",43.2630018,-2.9350039
"Billings, MONTANA, US",45.7874957,-108.49607
"Billund, DK",55.7247018,9.1195835
"Binghamton, NEW YORK, US",42.098698,-75.9125187
"Biratnagar, NP",26.4623007,87.281617
"Birmingham, ALABAMA, US",33.5206824,-86.8024326
"Birmingham, GB",52.4796992,-1.9026911
"Bishkek, KG",42.8777895,74.6066926
"Bishop, CALIFORNIA, US",37.363679,-118.39524
"Bismarck, NORTH DAKOTA, US",46.808327,-100.783739
"Blantyre, MW",-15.7862543,35.0035694
"Bloemfontein, ZA",-29.116395,26.215496
"Bloomington/Normal, ILLINOIS, US",40.508752,-88.9844947
"Bodrum, TR",37.0343987,27.430651
"Bogota, CO",4.6533816,-74.0836333
"Boise, IDAHO, US",43.6166163,-116.200886
"Bologna, IT",44.4938203,11.3426327
"Bonaire, BQ",12.1310269,-68.2649182072493
"Bordeaux, FR",44.841225,-0.5800364
"Boston, MASSACHUSETTS, US",42.3554334,-71.060511
"Bozeman, MONTANA, US",45.6794293,-111.044047
"Brasilia, BR",-10.3333333,-53.2
"Brazzaville, CG",-4.2694407,15.2712256
"Bremen, DE",53.0758196,8.8071646
"Brest, FR",48.3905283,-4.4860088
"Brisbane, AU",-27.4689682,153.0234991
"Bristol, GB",51.4538022,-2.5972985
"Bristol/Johnson/Kingsport, TENNESSEE, US",,
"Brownsville, TEXAS, US",25.9024289,-97.4981698
"Brunswick, GEORGIA, US",31.1499528,-81.4914894
"Brussels, BE",50.8465573,4.351697
"Bucaramanga, CO",7.16698415,-73.1047294009737
"Bucharest, RO",44.4361414,26.1027202
"Budapest, HU",47.4978789,19.0402383
"Buenos Aires, AR",-34.6083696,-58.4440583
"Buffalo, NEW YORK, US",42.8867166,-78.8783922
"Bujumbura, BI",-3.3638125,29.3675028
"Bulawayo, ZW",-20.1053948,28.5426856
"Burbank, CALIFORNIA, US",34.1812089,-118.307201
"Burlington, VERMONT, US",44.4761601,-73.212906
"Busan, KR",35.1799528,129.0752365
"Cagliari, IT",39.2171994,9.113311
"Cairns, AU",-16.9206657,145.7721854
"Cairo, EG",30.0443879,31.2357257
"Calama, CL",-22.4623917,-68.9272181
"Calgary, CA",51.0456064,-114.057541
"Cali, CO",3.4519988,-76.5325259
"Camiri, BO",-20.0390682,-63.5203507
"Campo Grande, BR",-20.4640173,-54.6162947
"Canberra, AU",-35.2975906,149.1012676
"Cancun, MX",21.1527467,-86.8425761
"Cape Town, ZA",-33.9288301,18.4172197
"Cardiff, GB",51.4816546,-3.1791934
"Cartagena, CO",10.4265566,-75.5441671
"Casablanca, MA",33.5738331,-7.6153131
"Casper, WYOMING, US",42.8501191,-106.325138
"Catania, IT",37.5023612,15.0873718
"Cebu, PH",10.47,123.83
"Cedar City, UTAH, US",37.6774238,-113.061827
"Cedar Rapids, IOWA, US",41.9758872,-91.6704053
"Champaign/Urbana, ILLINOIS, US",40.1157948,-88.241194
"Chandigarh, IN",30.7334421,76.7797143
"Changsha, CN",28.1450774,113.2384362
"Chania, GR",35.5120831,24.0191544
"Charleston, SOUTH CAROLINA, US",32.7884363,-79.9399309
"Charleston, WEST VIRGINIA, US",38.3505995,-81.6332812
"Charlotte, NORTH CAROLINA, US",35.2272086,-80.8430827
"Charlottesville, VIRGINIA, US",38.029306,-78.4766781
"Charlottetown, CA",46.234953,-63.132935
"Chattanooga, TENNESSEE, US",35.0457219,-85.3094883
"Chengdu, CN",30.6598628,104.0633717
"Chennai, IN",13.0836939,80.270186
"Cheongju, KR",36.6421169,127.4891742
"Cheyenne, WYOMING, US",41.139981,-104.820246
"Chiang Mai, TH",18.7882778,98.9858802
"Chicago, ILLINOIS, US",41.8755616,-87.6244212
"Chongqing, CN",30.05518,107.8748712
"Christchurch, NZ",-43.530955,172.6364343
"Cincinnati, OHIO, US",39.1014537,-84.5124602
"Cleveland, OHIO, US",41.4996574,-81.6936772
"Cluj-Napoca, RO",46.769379,23.5899542
"Cochin, IN",9.9679032,76.2444378
"College Station, TEXAS, US",30.6183939,-96.3455991
"Cologne/Bonn, DE",50.86778175,7.138960985502128
"Colombo, LK",6.9388614,79.8542005
"Colorado Springs, COLORADO, US",38.8339578,-104.825348
"Columbia, MISSOURI, US",38.951883,-92.3337366
"Columbia, SOUTH CAROLINA, US",34.000754,-81.0352313
"Columbus, MISSISSIPPI, US",33.4956744,-88.4272627
"Columbus, OHIO, US",39.9622601,-83.0007065
"Conakry, GN",9.5170602,-13.6998434
"Concepcion, CL",-36.8270698,-73.0502064
"Copenhagen, DK",55.6867243,12.5700724
"Cordoba, AR",-31.4166867,-64.1834193
"Cork, IE",51.8985136,-8.4726423
"Corpus Christi, TEXAS, US",27.7635302,-97.4033191
"Cotonou, BJ",6.3676953,2.4252507
"Cozumel, MX",20.4320599,-86.92069058377268
"Curitiba, BR",-25.4295963,-49.2712724
"Cuzco, PE",-13.51695415,-71.97927120704406
"Cyangugu, RW",-2.4887775,28.8958127
"Da Nang, VN",16.068,108.212
"Dalian, CN",39.740278,122.255833
"Dallas, TEXAS, US",32.7762719,-96.7968559
"Dammam, SA",26.4367824,50.1039991
"Dar es Salaam, TZ",-6.8160837,39.2803583
"Darwin, AU",-12.46044,130.8410469
"Davao, PH",7.0648306,125.6080623
"Dayton, OHIO, US",39.7589478,-84.1916069
"Daytona Beach, FLORIDA, US",29.2108147,-81.0228331
"Debrecen, HU",47.531399,21.6259782
"Dehra Dun, IN",30.3255646,78.0436813
"Delhi, IN",28.6273928,77.1716954
"Denpasar-Bali, ID",-8.6524973,115.2191175
"Denver, COLORADO, US",39.7392364,-104.984862
"Des Moines, IOWA, US",41.5868654,-93.6249494
"Destin/Ft Walton Beach, FLORIDA, US",30.4949859,-86.54952707839203
"Detroit, MICHIGAN, US",42.3315509,-83.0466403
"Dhaka, BD",23.7643863,90.3890144
"Dharamsala, IN",32.2143039,76.3196717
"Dili, TL",-8.5536809,125.5784093
"Diyarbakir, TR",37.9162222,40.2363542
"Djibouti, DJ",11.8145966,42.8453061
"Doha, QA",25.2856329,51.5264162
"Dominica, DM",15.4113138,-61.3653618
"Douala, CM",4.0429389,9.7062018
"Dresden, DE",51.0493286,13.7381437
"Dubai, AE",25.074282349999997,55.18853865430702
"Dublin, IE",53.3493795,-6.2605593
"Dubrovnik, HR",42.6491029,18.0939501
"Dubuque, IOWA, US",42.5006243,-90.6647985
"Duesseldorf, DE",51.2254018,6.7763137
"Duluth, MINNESOTA, US",46.7729322,-92.1251218
"Durango, COLORADO, US",37.2769484,-107.8766
"Durban, ZA",-29.861825,31.009909
"Dusseldorf, DE",51.2254018,6.7763137
"Edinburgh, GB",55.9533456,-3.1883749
"Edmonton, CA",53.5462055,-113.491241
"El Paso, TEXAS, US",31.7601164,-106.4870404
"Elmira/Corning, NEW YORK, US",42.16082385,-76.8941293224737
"Entebbe, UG",0.0611715,32.4698564
"Enugu, NG",6.4499833,7.5000007
"Erbil, IQ",36.1911744,44.0094145
"Ercan, CY",35.15175225,33.50353179562835
"Erie, PENNSYLVANIA, US",42.1294712,-80.0852695
"Escanaba, MICHIGAN, US",45.7455707,-87.0647434
"Eugene, OREGON, US",44.0505054,-123.0950506
"Everett, WASHINGTON, US",47.9793437,-122.2127011
"Fairbanks, ALASKA, US",64.837845,-147.716675
"Fargo, NORTH DAKOTA, US",46.877229,-96.789821
"Faro, PT",37.0162727,-7.9351771
"Fayetteville, NORTH CAROLINA, US",35.0525759,-78.878292
"Fayetteville/Springdale, ARKANSAS, US",36.1402749,-94.12150539487672
"Flint, MICHIGAN, US",43.0161693,-83.6900211
"Florence, IT",43.7697955,11.2556404
"Florence, SOUTH CAROLINA, US",34.1984435,-79.7671658
"Fort Lauderdale, FLORIDA, US",26.1223084,-80.1433786
"Fort McMurray, CA",56.7291997,-111.3885221
"Fort Myers, FLORIDA, US",26.640628,-81.8723084
"Fort Wayne, INDIANA, US",41.0799898,-85.1386015
"Fort de France, MQ",14.6027962,-61.0676724
"Fortaleza, BR",-3.7304512,-38.5217989
"Foz do Iguacu, BR",-25.5304023,-54.5830692
"Frankfurt, DE",50.1106444,8.6820917
"Fredericton, CA",45.963233,-66.6432356
"Freetown, SL",8.479004,-13.26795
"Fresno, CALIFORNIA, US",36.7394421,-119.78483
"Friedrichshafen, DE",47.6500279,9.4800858
"Funafuti, TV",-8.5199633,179.1982548
"Funchal, PT",32.6496497,-16.9086783
"Fuzhou, CN",26.0774954,119.2918215
"Gaborone, BW",-24.6581357,25.9088474
"Gainesville, FLORIDA, US",29.6519684,-82.3249846
"Gaziantep, TR",37.0628317,37.3792617
"Geneva, CH",46.2017559,6.1466014
"Genoa, IT",44.40726,8.9338624
"George Town, BS",23.5065235,-75.7750229
"Georgetown, GY",6.8137426,-58.1624465
"Glasgow, GB",55.861155,-4.2501687
"Goa, IN",15.3004543,74.0855134
"Gold Coast, AU",-28.0023731,153.4145987
"Goma, CD",-1.6665685,29.225652
"Goteborg, SE",57.7072326,11.9670171
"Gran Canaria, ES",27.9580004,-15.6062305376665
"Granada, ES",37.1734995,-3.5995337
"Grand Canyon, ARIZONA, US",36.0980405,-112.0962787
"Grand Cayman, KY",19.32984715,-81.17122162349
"Grand Forks, NORTH DAKOTA, US",47.9252104,-97.0306325
"Grand Junction, COLORADO, US",39.0672568,-108.56448
"Grand Rapids, MICHIGAN, US",42.9632425,-85.6678639
"Graz, AT",47.0708678,15.4382786
"Great Falls, MONTANA, US",47.5048851,-111.29189
"Green Bay, WISCONSIN, US",44.5126379,-88.0125794
"Greensboro/High Point, NORTH CAROLINA, US",36.0857928,-79.96555008306188
"Greenville, NORTH CAROLINA, US",35.613224,-77.3724593
"Greenville/Spartanburg, SOUTH CAROLINA, US",34.8954456,-82.21722845651891
"Grenada, GD",12.1360374,-61.6904045
"Guadalajara, MX",20.6720375,-103.338396
"Guam, GU",13.45011745,144.7577087765826
"Guanacaste, CR",10.378844050000001,-85.43382874573226
"Guangzhou, CN",23.1301964,113.2592945
"Guatemala City, GT",14.6416142,-90.5132836
"Guayaquil, EC",-2.2895167,-80.0983887437901
"Gulfport/Biloxi, MISSISSIPPI, US",30.40711375,-89.07143302103171
"Gunnison, COLORADO, US",38.6476702,-107.0603126
"Haikou, CN",20.0462328,110.1956502
"Hailey/Sun Valley, IDAHO, US",,
"Halifax, CA",44.648618,-63.5859487
"Hamburg, DE",53.550341,10.000654
"Hancock, MICHIGAN, US",47.126871,-88.580956
"Hangzhou, CN",30.2489634,120.2052342
"Hannover, DE",52.3744779,9.7385532
"Hanoi, VN",21.0283334,105.854041
"Harare, ZW",-17.8567035,31.0601584
"Hargeisa, SO",9.561733,44.061803
"Harlingen, TEXAS, US",26.1907543,-97.6960599
"Harrisburg, PENNSYLVANIA, US",40.2663107,-76.8861122
"Hartford, CONNECTICUT, US",41.764582,-72.6908547
"Hatay, TR",36.3451332,36.0748022
"Hattiesburg/Laurel, MISSISSIPPI, US",31.4672,-89.3363366
"Hatzfeldthaven, PG",,
"Havana, CU",23.135305,-82.3589631
"Havre, MONTANA, US",48.5536972,-109.677802
"Hayden, COLORADO, US",40.4950011,-107.2588464
"Hefei, CN",31.8665676,117.281428
"Helena, MONTANA, US",46.5927425,-112.036277
"Helsinki, FI",60.1674881,24.9427473
"Hilo, HAWAII, US",19.7073734,-155.08158
"Hilton Head Island, SOUTH CAROLINA, US",32.1618488,-80.7512616
"Ho Chi Minh City, VN",10.7763897,106.7011391
"Hobart, AU",-42.8825088,147.3281233
"Hong Kong, HK",22.2793278,114.1628131
"Honolulu, HAWAII, US",21.304547,-157.855676
"Houston, TEXAS, US",29.7589382,-95.3676974
"Huatulco, MX",15.83133725,-96.31980130449259
"Huntington/Ashland KY, WEST VIRGINIA, US",,
"Huntsville, ALABAMA, US",34.729847,-86.5859011
"Hyderabad, IN",17.360589,78.4740613
"Ibiza, ES",38.974390099999994,1.4197463178515335
"Iles de la Madeleine, CA",47.3220992,-61.8773745
"Indianapolis, INDIANA, US",39.7683331,-86.1583502
"Innsbruck Hbf, AT",47.2632966,11.4010207
"Innsbruck, AT",47.2654296,11.3927685
"Ipota, VU",-18.8575182,169.2867496
"Iquitos, PE",-3.749365,-73.2444145
"Irakleion, GR",35.33908,25.1332843
"Iron Mountain/Kingsfd., MICHIGAN, US",,
"Islamabad, PK",33.6938118,73.0651511
"Islip, NEW YORK, US",40.7300685,-73.2107266
"Istanbul, TR",41.006381,28.9758715
"Ithaca, NEW YORK, US",42.437417499999995,-76.54837235139263
"Izmir, TR",38.23166,27.02997
"Jackson, MISSISSIPPI, US",32.2998686,-90.1830408
"Jackson, TENNESSEE, US",35.6144446,-88.8177418
"Jackson, WYOMING, US",43.479965,-110.761815
"Jacksonville, FLORIDA, US",30.3321838,-81.655651
"Jaipur, IN",26.9154576,75.8189817
"Jakarta, ID",-6.1754049,106.827168
"Jeddah, SA",21.5504432,39.1742363
"Jeju, KR",33.4887737,126.4987083
"Jimma, ET",7.6756152,36.8478779
"Johannesburg, ZA",-26.205,28.049722
"Juba, SS",4.8459246,31.5959173
"Juliaca, PE",-15.4932314,-70.1356177
"Juneau, ALASKA, US",58.3019496,-134.419734
"Jyvaskyla, FI",62.2417066,25.7495727
"KRAKOW, PL",50.0619474,19.9368564
"Kabul, AF",34.5266431,69.1849082
"Kahului, HAWAII, US",20.8894101,-156.4727118
"Kalamazoo/Battle Creek, MICHIGAN, US",42.2307865,-85.5510419237961
"Kalispell, MONTANA, US",48.202158,-114.315321
"Kamloops, CA",50.6758269,-120.339415
"Kanpur, IN",26.4609135,80.3217588
"Kansas City, MISSOURI, US",39.100105,-94.5781416
"Kaohsiung, TW",22.6203348,120.3120375
"Karachi, PK",24.8546842,67.0207055
"Kathmandu, NP",27.708317,85.3205817
"Katowice, PL",50.2137321,19.00588775660632
"Kefallinia, GR",38.2660322,20.53739027630735
"Kelowna, CA",49.8879177,-119.495902
"Kerkyra, GR",39.591337,19.859618918733858
"Key West, FLORIDA, US",24.5548262,-81.8020722
"Kigali, RW",-1.8859597,30.1296751
"Kilimanjaro, TZ",-3.0786534000000003,37.41985556750418
"Kingston, CA",44.3054151,-76.4283781
"Kingston, JM",17.9712148,-76.7928128
"Kinshasa, CD",-4.3196982,15.3424196
"Kiruna, SE",68.166667,19.5
"Kisumu, KE",-0.1029109,34.7541761
"Kittila, FI",67.651985,24.9095086
"Knoxville, TENNESSEE, US",35.9603948,-83.9210261
"Ko Samui, TH",9.50139445,99.99561927320003
"Kolkata, IN",22.5726459,88.3638953
"Kona, HAWAII, US",19.6472213,-155.9966428
"Kos, GR",36.793693250000004,27.084826562878217
"Krabi, TH",8.1111653,99.1097298
"Kuala Lumpur, MY",3.1526589,101.7022205
"Kumamoto, JP",32.6450475,130.6341345
"Kumasi, GH",6.6985605,-1.6233086
"Kunming, CN",25.0363006,102.7086139
"Kuopio, FI",62.8924601,27.6781839
"Kuwait, KW",29.3796532,47.9734174
"Kyiv, UA",50.4500336,30.5241361
"La Crosse, WISCONSIN, US",43.8122836,-91.2514355
"La Rochelle, FR",46.159732,-1.1515951
"Lafayette, LOUISIANA, US",30.2262187,-92.0178202
"Lagos, NG",6.4550575,3.3941795
"Lahore, PK",31.5656822,74.3141829
"Lake Charles, LOUISIANA, US",30.2305095,-93.2169807
"Lancaster, PENNSYLVANIA, US",40.0379958,-76.3056707
"Langgur, ID",-5.664224,132.7337356
"Lansing, MICHIGAN, US",42.7338254,-84.5546295
"Larnaca, CY",34.9236095,33.6236184
"Las Vegas, NEVADA, US",36.2533896,-115.2794366262601
"Learmonth, AU",-37.4234194,143.7185574
"Leeds Bradford, GB",53.86665035,-1.656781884498208
"Leipzig/Halle, DE",51.421190100000004,12.229585904866344
"Leticia, CO",-4.2129211,-69.9425963
"Lewisburg, WEST VIRGINIA, US",37.8017879,-80.4456303
"Lewiston, IDAHO, US",46.4195913,-117.0216144
"Lexington, KENTUCKY, US",38.0464066,-84.4970393
"Lichinga, MZ",-13.2999118,35.2458642
"Lihue, HAWAII, US",21.9769622,-159.3687721
"Lilongwe, MW",-13.9875107,33.768144
"Lima, PE",-12.0621065,-77.0365256
"Lincoln, NEBRASKA, US",40.8088861,-96.7077751
"Linz, AT",48.3059078,14.286198
"Lisbon, PT",38.7077507,-9.1365919
"Little Rock, ARKANSAS, US",34.7465071,-92.2896267
"Liverpool Central, GB",53.4042207,-2.9795092
"Liverpool, GB",53.4071991,-2.99168
"Livingstone, ZM",-17.853135,25.861429
"Ljubljana, SI",46.0500268,14.5069289
"Lome, TG",6.130419,1.215829
"London, CA",42.9832406,-81.243372
"London, GB",51.4893335,-0.14405508452768728
"Long Beach, CALIFORNIA, US",33.7690164,-118.191604
"Longyearbyen, NO",78.2231558,15.6463656
"Los Angeles, CALIFORNIA, US",34.0536909,-118.242766
"Louisville, KENTUCKY, US",38.2542376,-85.759407
"Luanda, AO",-8.8272699,13.2439512
"Lubbock, TEXAS, US",33.5855677,-101.8470215
"Lubumbashi, CD",-11.6642316,27.4826264
"Lucknow, IN",26.8381,80.9346001
"Lusaka, ZM",-15.4163395,28.2818414
"Luxembourg, LU",49.6112768,6.129799
"Luxor, EG",25.702096,32.647186
"Lynchburg, VIRGINIA, US",37.4137536,-79.1422464
"Lyon, FR",45.7578137,4.8320114
"Macau, MO",22.1899448,113.5380454
"Madinah, SA",24.471153,39.6111216
"Madison, WISCONSIN, US",43.074761,-89.3837613
"Madrid, ES",40.4167047,-3.7035825
"Madurai, IN",9.9261153,78.1140983
"Makassar, ID",-5.1342962,119.4124282
"Malaga, ES",36.7213028,-4.4216366
"Male, MV",4.1779879,73.5107387
"Malmo, SE",55.6052931,13.0001566
"Malta, MT",35.8885993,14.4476911
"Mammoth Lakes, CALIFORNIA, US",37.6432525,-118.9668509
"Managua, NI",12.1544035,-86.2737642
"Manaus, BR",-3.1316333,-59.9825041
"Manchester, GB",53.4794892,-2.2451148
"Manchester, NEW HAMPSHIRE, US",42.9956397,-71.4547891
"Manhattan, KANSAS, US",39.1836082,-96.5716694
"Manila, PH",14.5904492,120.9803621
"Manzanillo, MX",19.0506256,-104.3159957
"Manzini, SZ",-26.4976444,31.3750815
"Mao, TD",14.1234161,15.3108471
"Maputo, MZ",-25.966213,32.56745
"Marrakech, MA",31.6258257,-7.9891608
"Marseille, FR",43.2961743,5.3699525
"Martha's Vineyard, MASSACHUSETTS, US",41.39204545,-70.62081381546194
"Maseru, LS",-29.310054,27.478222
"Matsuyama, JP",33.8395188,132.7653521
"Maun, BW",-19.9860951,23.4224352
"Mauritius, MU",-20.2759451,57.5703566
"McAllen/Mission, TEXAS, US",26.19270005,-98.28810162650154
"Medellin, CO",6.269732449999999,-75.60255965090315
"Medford, OREGON, US",42.3264181,-122.8718605
"Mekele, ET",13.4966644,39.4768259
"Melbourne, AU",-37.8142454,144.9631732
"Melbourne, FLORIDA, US",28.0785034,-80.6077908
"Memphis, TENNESSEE, US",35.1460249,-90.0517638
"Mendoza, AR",-34.787093049999996,-68.43818677312292
"Menorca, ES",39.949257200000005,4.0499641751186415
"Merida, MX",20.9670759,-89.6237402
"Mexico City, MX",19.3207722,-99.1514677512441
"Miami, FLORIDA, US",25.7741728,-80.19362
"Midland, TEXAS, US",31.83688,-102.0103767
"Milan, IT",45.4641943,9.1896346
"Milwaukee, WISCONSIN, US",43.0386475,-87.9090751
"Minneapolis/St Paul, MINNESOTA, US",44.878019050000006,-93.2209280537696
"Minot, NORTH DAKOTA, US",48.23251,-101.296273
"Missoula, MONTANA, US",46.8701049,-113.995267
"Mobile, ALABAMA, US",30.6913462,-88.0437509
"Moline, ILLINOIS, US",41.5058344,-90.5136642
"Mombasa, KE",-4.05052,39.667169
"Monroe, LOUISIANA, US",32.5025471,-92.116219
"Monrovia, LR",6.328034,-10.797788
"Montego Bay, JM",18.4724603,-77.9217357
"Monterey/Carmel, CALIFORNIA, US",36.4805173,-121.7352255
"Monterrey, MX",25.6802019,-100.315258
"Montevideo, UY",-34.9058916,-56.1913095
"Montgomery, ALABAMA, US",32.37742,-86.3091683
"Montpellier, FR",43.6112422,3.8767337
"Montreal, CA",45.5031824,-73.5698065
"Montrose, COLORADO, US",38.4375391,-108.2403855
"Morelia, MX",19.6546004,-101.26237972291207
"Moscow, RU",55.625578,37.6063916
"Mumbai, IN",19.054999,72.8692035
"Munich, DE",48.1371079,11.5753822
"Muscat, OM",23.5882019,58.3829448
"Mwanza, TZ",-2.5196915,32.9014417
"Mykonos, GR",37.45139365,25.39231486780794
"Myrtle Beach, SOUTH CAROLINA, US",33.6956461,-78.8900409
"N'Djamena, TD",12.1191543,15.0502758
"Nadi, FJ",-17.7992725,177.4178549
"Nagasaki, JP",33.1154683,129.7874339
"Nagoya, JP",35.1851045,136.8998438
"Nairobi, KE",-1.3026148499999999,36.82884201813725
"Nampula, MZ",-14.966969,39.2707752
"Nanjing, CN",32.0438284,118.7788631
"Nantes, FR",47.2186371,-1.5541362
"Nantucket, MASSACHUSETTS, US",41.2727997,-70.0951867
"Napier-Hastings, NZ",-39.669326,176.8782272
"Naples, IT",40.8358846,14.2487679
"Nashville, TENNESSEE, US",36.1622767,-86.7742984
"Nassau, BS",25.0782266,-77.3383438
"Natal, BR",-5.805398,-35.2080905
"Navegantes, BR",-26.8898813,-48.6495828
"Naxos Is, GR",37.08109625,25.368368326596347
"Nay Pyi Taw, MM",19.7753289,96.1032552
"Ndiass, SN",15.1213063,-16.5400234
"Ndola, ZM",-12.9693056,28.6365894
"Nelspruit, ZA",-25.4729094,30.9772719
"New Haven, CONNECTICUT, US",41.3082138,-72.9250518
"New Orleans, LOUISIANA, US",29.9759983,-90.0782127
"New York, NEW YORK, US",40.7127281,-74.0060152
"Newark, NEW JERSEY, US",40.735657,-74.1723667
"Newcastle, GB",54.9738474,-1.6131572
"Newport News/Williamsburg, VIRGINIA, US",37.132296499999995,-76.49401292414504
"Niamey, NE",13.524834,2.109823
"Nice, FR",43.7009358,7.2683912
"Ningbo, CN",29.8622194,121.6203873
"Nome, ALASKA, US",64.4975098,-165.4061701
"Norfolk, VIRGINIA, US",36.8493695,-76.2899539
"North Platte, NEBRASKA, US",41.1238873,-100.7654232
"Nuku Hiva, PF",-8.8733104,-140.1245634540394
"Nur-Sultan, KZ",51.1282205,71.4306682
"Nuremberg, DE",49.453872,11.077298
"Nuuk, GL",64.1766835,-51.7359356
"Oakland, CALIFORNIA, US",37.8044557,-122.271356
"Oaxaca, MX",17.0,-96.5
"Okinawa, JP",26.5707754,128.0255901
"Oklahoma City, OKLAHOMA, US",35.4729886,-97.5170536
"Olbia, IT",40.9232659,9.5027442
"Omaha, NEBRASKA, US",41.2587459,-95.9383758
"Orlando, FLORIDA, US",28.5421109,-81.3790304
"Osaka, JP",34.6937569,135.5014539
"Oslo, NO",59.9133301,10.7389701
"Ottawa, CA",45.4208777,-75.6901106
"Ouagadougou, BF",12.3681873,-1.5270944
"Oulu, FI",65.0117869,25.4701983
"Oxford, GB",51.7520131,-1.2578499
"POZNAN, PL",52.4006632,16.91973259178088
"Palermo, IT",38.1112268,13.3524434
"Palm Springs, CALIFORNIA, US",33.8246269,-116.540303
"Palma De Mallorca, ES",39.58125245,2.7092683401782343
"Panama City, FLORIDA, US",30.1586518,-85.6602936
"Panama City, PA",8.9714493,-79.5341802
"Paris, FR",48.8588897,2.3200410217200766
"Paros, GR",37.06514945,25.19197841572938
"Pasco, WASHINGTON, US",46.2306739,-119.0921
"Pellston, MICHIGAN, US",45.552789,-84.783936
"Pensacola, FLORIDA, US",30.421309,-87.2169149
"Peoria, ILLINOIS, US",40.6938609,-89.5891008
"Perth, AU",-31.9558933,115.8605855
"Philadelphia, PENNSYLVANIA, US",39.9527237,-75.1635262
"Phnom Penh, KH",11.5730391,104.857807
"Phoenix, ARIZONA, US",33.4484367,-112.074141
"Phu Quoc, VN",10.2170911,103.9590544
"Phuket, TH",7.9366015,98.3529292
"Pietermaritzburg, ZA",-29.6,30.3788889
"Pisa, IT",43.4714722,10.679791173704576
"Pittsburgh, PENNSYLVANIA, US",40.4416941,-79.9900861
"Ponta Delgada, PT",37.7393398,-25.6689503
"Port Elizabeth, ZA",-33.9618359,25.6186512
"Port Harcourt, NG",4.7676576,7.0188527
"Port Vila, VU",-17.7414972,168.3150163
"Port au Prince, HT",18.547327,-72.3395928
"Port of Spain, TT",10.6572678,-61.5180173
"Portland, MAINE, US",43.6573605,-70.2586618
"Portland, OREGON, US",45.5202471,-122.674194
"Porto Alegre, BR",-30.0324999,-51.2303767
"Porto, PT",41.1494512,-8.6107884
"Prague, CZ",50.0596288,14.446459273258009
"Praia, CV",14.9162811,-23.5095095
"Pristina, RS",44.79900155,20.478207228792492
"Providence, RHODE ISLAND, US",41.8239891,-71.4128343
"Providenciales, TC",21.8020614,-72.30044556984475
"Provincetown, MASSACHUSETTS, US",42.0525612,-70.1858639
"Puebla, MX",18.833333,-98.0
"Puerto Montt, CL",-41.471798,-72.9395915
"Puerto Plata, DO",19.7225234,-70.72083383525774
"Puerto Vallarta, MX",20.6407176,-105.220306
"Pullman/Moscow, WASHINGTON, US",46.740603300000004,-117.11739258382906
"Pune, IN",18.5213738,73.8545071
"Punta Arenas, CL",-53.1625688,-70.907822
"Punta Cana, DO",18.556551,-68.3691611
"Qingdao, CN",36.0663249,120.3777659
"Quebec, CA",52.4760892,-71.8258668
"Queenstown, NZ",-45.0321923,168.661
"Quelimane, MZ",-17.87751,36.890216
"Queretaro, MX",20.8052225,-99.8837376
"Quinhon, VN",,
"Quito, EC",-0.2201641,-78.5123274
"Rabat, MA",33.9851778,-6.8461433
"Raleigh/Durham, NORTH CAROLINA, US",35.880361449999995,-78.78723821716514
"Ranchi, IN",23.3700501,85.3250387
"Rapid City, SOUTH DAKOTA, US",44.0806041,-103.228023
"Recife, BR",-8.0584933,-34.8848193
"Redding, CALIFORNIA, US",40.5863563,-122.391675
"Redmond/Bend, OREGON, US",44.2165084,-121.2150324
"Regina, CA",50.4479733,-104.6158764
"Rennes, FR",48.1113387,-1.6800198
"Reno, NEVADA, US",39.5261206,-119.8126581
"Reykjavik, IS",64.145981,-21.9422367
"Rhinelander, WISCONSIN, US",45.636623,-89.412075
"Rhodes, GR",36.172529749999995,27.91940163839584
"Richmond, VIRGINIA, US",37.5385087,-77.43428
"Riga, LV",56.9493977,24.1051846
"Rio de Janeiro, BR",-22.9110137,-43.2093727
"Riyadh, SA",23.333333,45.333333
"Roanoke, VIRGINIA, US",37.270973,-79.9414313
"Roatan, HN",16.34902105,-86.49775125625627
"Rochester, MINNESOTA, US",44.0234387,-92.4630182
"Rochester, NEW YORK, US",43.157285,-77.615214
"Rome, IT",41.8933203,12.4829321
"STOCKHOLM, SE",59.3251172,18.0710935
"Sacramento, CALIFORNIA, US",38.5810606,-121.493895
"Saginaw/Midland/Bay C., MICHIGAN, US",,
"Saipan, MP",15.1909825,145.746743003024
"Salisbury/Ocean City, MARYLAND, US",38.33941605,-75.51010495530244
"Salt Lake City, UTAH, US",40.7596198,-111.886797
"Salvador, BR",-12.9822499,-38.4812772
"Salzburg, AT",47.7981346,13.0464806
"San Antonio, TEXAS, US",29.4246002,-98.4951405
"San Carlos Bariloche, AR",-41.1334781,-71.3101474
"San Cristobal Island, EC",-0.82048935,-89.42481793085739
"San Diego, CALIFORNIA, US",32.7174202,-117.162772
"San Francisco, CALIFORNIA, US",37.7792588,-122.4193286
"San Jose Cabo, MX",23.0598364,-109.7025148
"San Jose, CALIFORNIA, US",37.3361663,-121.890591
"San Jose, CR",9.9325427,-84.0795782
"San Juan, PR",18.384239049999998,-66.05343997364733
"San Luis Obispo, CALIFORNIA, US",35.3540209,-120.375716
"San Pedro Sula, HN",15.5062156,-88.0248937
"San Salvador, SV",13.6989939,-89.1914249
"San Sebastian, ES",43.3224219,-1.9838889
"Santa Ana, CALIFORNIA, US",33.7494951,-117.873221
"Santa Barbara, CALIFORNIA, US",34.4221319,-119.702667
"Santa Cruz de la Palma, ES",28.6818901,-17.7663354
"Santa Cruz, BO",-17.333333,-61.5
"Santa Fe, NEW MEXICO, US",35.6876096,-105.938456
"Santa Marta, CO",11.2320944,-74.1950916
"Santa Rosa, CALIFORNIA, US",38.4404925,-122.7141049
"Santiago, CL",-33.4377756,-70.6504502
"Santiago, DO",19.336389,-70.95212771637003
"Santo Domingo, DO",18.4801972,-69.942111
"Sao Paulo, BR",-23.5506507,-46.6333824
"Sapporo, JP",43.061936,141.3542924
"Sarajevo, BA",43.8519774,18.3866868
"Sarasota/Bradenton, FLORIDA, US",27.395988350000003,-82.55407423064528
"Saskatoon, CA",52.131802,-106.660767
"Sault Ste Marie, CA",46.5126554,-84.3330301
"Savannah, GEORGIA, US",32.0790074,-81.0921335
"Seattle, WASHINGTON, US",47.6038321,-122.330062
"Sendai, JP",38.2677554,140.8691498
"Seoul, KR",37.5666791,126.9782914
"Sevilla, ES",37.3886303,-5.9953403
"Shanghai, CN",31.2312707,121.4700152
"Shannon, IE",53.1349614,-8.1611027
"Shenzhen, CN",22.5445741,114.0545429
"Sheridan, WYOMING, US",44.7947537,-106.8222688
"Shreveport, LOUISIANA, US",32.5135356,-93.7477839
"Siem Reap, KH",13.3617562,103.8590321
"Singapore, SG",1.2899175,103.8519072
"Sioux Falls, SOUTH DAKOTA, US",43.5476008,-96.7293629
"Sitka, ALASKA, US",57.4086082,-135.4596206
"Skiathos, GR",39.1692985,23.455251282603797
"Skopje, MK",41.9961816,21.4319213
"Sofia, BG",42.6977028,23.3217359
"South Bend, INDIANA, US",41.6833813,-86.2500066
"Split, HR",43.5116383,16.4399659
"Spokane, WASHINGTON, US",47.6571934,-117.42351
"Springfield, ILLINOIS, US",39.7990175,-89.6439575
"Springfield, MISSOURI, US",37.2081729,-93.2922715
"St Croix Island, VI",17.72912395,-64.7589156481904
"St George, UTAH, US",37.104153,-113.584131
"St Johns, CA",43.0754766,-80.0800058
"St Kitts, KN",17.31569295,-62.74468058526273
"St Louis, MISSOURI, US",38.6280278,-90.1910154
"St Lucia, LC",13.8250489,-60.975036
"St Maarten, SX",18.02663695,-63.04388302070092
"St Petersburg, RU",59.9606739,30.1586551
"St Thomas Island, VI",18.34290815,-64.91889970060265
"St Vincent, VC",13.252878599999999,-61.19494640166574
"St-Denis, RE",47.36093260721107,-0.8125159861149761
"State College, PENNSYLVANIA, US",40.7944504,-77.8616386
"Staunton/Waynesborough, VIRGINIA, US",,
"Stavanger, NO",58.9699675,5.7318101
"Stillwater, OKLAHOMA, US",36.1156306,-97.0585717
"Strasbourg, FR",48.584614,7.7507127
"Stuttgart, DE",48.7784485,9.1800132
"Sudbury, CA",46.49272,-80.991211
"Sulaymaniyah, IQ",35.5570501,45.4425963
"Suva, FJ",-18.1415884,178.4421662
"Sydney, AU",-33.8698439,151.2082848
"Syracuse, NEW YORK, US",43.0481221,-76.1474244
"Tabuk, SA",28.3251866,37.6328648
"Taipei, TW",25.0375198,121.5636796
"Taiyuan, CN",37.870009,112.5452739
"Tallahassee, FLORIDA, US",30.4380832,-84.2809332
"Tallinn, EE",59.4372155,24.7453688
"Tamale, GH",9.4051992,-0.8423986
"Tampa, FLORIDA, US",27.9477595,-82.458444
"Tanga, TZ",-5.202134,38.2275548
"Tanna, VU",-19.48577845,169.33450144830016
"Tapachula, MX",14.9258055,-92.32219567868036
"Tbilisi, GE",41.6934591,44.8014495
"Tegucigalpa, HN",14.1057433,-87.2040052
"Tehran, IR",35.6892523,51.3896004
"Tel Aviv-Yafo, IL",32.0852997,34.7818064
"Telluride, COLORADO, US",37.9374939,-107.812285
"Tenerife, ES",28.2935785,-16.621447121144122
"Terceira, PT",38.72116535,-27.217637988768217
"Thanh Hoe, VN",,
"Thessaloniki, GR",40.6403167,22.9352716
"Thiruvananthapuram, IN",8.4882267,76.947551
"Tianjin, CN",39.3032619,117.4163641
"Tijuana, MX",32.5317397,-117.019529
"Tirana, AL",41.3281482,19.8184435
"Tobago, TT",11.24046155,-60.67200597857749
"Tokyo, JP",35.6768601,139.7638947
"Toronto, CA",43.6534817,-79.3839347
"Toulouse, FR",43.6044622,1.4442469
"Townsville, AU",-19.2569391,146.8239537
"Traverse City, MICHIGAN, US",44.7606481,-85.6165976
"Trieste, IT",45.6496485,13.7772781
"Trondheim, NO",63.4304475,10.3952118
"Tucson, ARIZONA, US",32.2228765,-110.974847
"Tucuman, AR",-26.5643582,-64.882397
"Tuguegarao, PH",17.6118858,121.7300377
"Tulsa, OKLAHOMA, US",36.1563122,-95.9927516
"Tunis, TN",36.8002068,10.1857757
"Turin, IT",45.0677551,7.6824892
"Tuxtla Gutierrez, MX",16.753801,-93.115959
"Udaipur, IN",24.578721,73.6862571
"Ulaanbaatar, MN",47.9184676,106.9177016
"Ulsan, KR",35.5391697,129.3119136
"Vail, COLORADO, US",39.6438028,-106.3888231
"Valdosta, GEORGIA, US",30.8327022,-83.2784851
"Valencia, ES",39.4697065,-0.3763353
"Valledupar, CO",10.4651733,-73.2529512
"Vancouver, CA",49.2608724,-123.113952
"Varanasi, IN",25.3356491,83.0076292
"Varna, BG",43.2052135,27.860202452255194
"Venice, IT",45.4371908,12.3345898
"Verona, IT",45.442497700000004,10.985737689444763
"Victoria Falls, ZW",-17.922894976789983,25.84768490541383
"Victoria, CA",48.4283182,-123.364953
"Victoria, TEXAS, US",28.8026443,-96.9766308
"Vienna, AT",48.2083537,16.3725042
"Vientiane, LA",17.9640988,102.6133707
"Vilnius, LT",54.6870458,25.2829111
"Vishakhapatnam, IN",,
"Waco, TEXAS, US",31.5491899,-97.1474628
"Walla Walla, WASHINGTON, US",46.2055155,-118.5174284
"Walvis Bay, NA",-22.9557607,14.5071125
"Warsaw, PL",52.2319581,21.0067249
"Washington, DISTRICT OF COLUMBIA, US",38.8950368,-77.0365427
"Waterloo, IOWA, US",42.498275,-92.3328743
"Wausau, WISCONSIN, US",44.9597858,-89.6272791
"Wellington, NZ",-41.2887953,174.7772114
"Wenatchee, WASHINGTON, US",47.4234599,-120.310349
"West Palm Beach, FLORIDA, US",26.715364,-80.0532942
"White Plains, NEW YORK, US",41.0339862,-73.7629097
"Wichita, KANSAS, US",37.6922361,-97.3375448
"Wilkes-Barre/Scranton, PENNSYLVANIA, US",41.33709205,-75.72257122928625
"Williston, NORTH DAKOTA, US",48.1465457,-103.621814
"Wilmington, NORTH CAROLINA, US",34.2257282,-77.9447107
"Windhoek, NA",-22.5776104,17.0772739
"Winnipeg, CA",49.8955367,-97.1384584
"Wroclaw, PL",51.1089776,17.0326689
"Wuhan, CN",30.5951051,114.2999353
"Xi'an, CN",34.261004,108.9423363
"Xiamen, CN",24.5438732,118.0768065
"Yakima, WASHINGTON, US",46.601557,-120.510842
"Yangon, MM",16.7967129,96.1609916
"Yantai, CN",37.461928,121.4425255
"Yaounde, CM",3.8689867,11.5213344
"Yogyakarta, ID",-7.8011998,110.3646608
"York, GB",53.96565785,-1.0743052444639218
"Yuma, ARIZONA, US",32.723268,-114.6179954
"Zagreb, HR",45.8130967,15.9772795
"Zakinthos Island, GR",,
"Zanzibar, TZ",-6.1664908,39.2074312
"Zhanjiang, CN",21.2737079,110.3548318
"Zurich, CH",47.3744489,8.5410422